{"cameraMode":{"drawMode":0,"name":"Shaded","section":"Shading Mode"},"sceneLighting":true,"audioPlay":false,"sceneViewState":{"showFog":true,"showMaterialUpdate":true,"showSkybox":true,"showFlares":true,"showImageEffects":true,"showParticleSystems":true},"in2DMode":false,"pivot":{"x":0.9734045267105103,"y":3.606887102127075,"z":2.5223631858825685},"rotation":{"x":-0.14151887595653535,"y":0.7572296261787415,"z":-0.17475397884845735,"w":-0.6132186055183411},"size":0.8292706608772278,"orthographic":false}