{"cameraMode":{"drawMode":0,"name":"Shaded","section":"Shading Mode"},"sceneLighting":true,"audioPlay":false,"sceneViewState":{"showFog":true,"showMaterialUpdate":true,"showSkybox":true,"showFlares":true,"showImageEffects":true,"showParticleSystems":true},"in2DMode":false,"pivot":{"x":-4.492164611816406,"y":0.259490966796875,"z":-9.684328079223633},"rotation":{"x":-0.16700544953346253,"y":0.5458065271377564,"z":-0.11206235736608505,"w":-0.813416600227356},"size":15.938458442687989,"orthographic":false}